TXT FILENAME,TITLE,AUTHOR/EDITOR,PUB. DATE
2015_DELANY_ABCTHREESHORTNOVELS_dirty.txt,"a,b,c: three short novels","Delany, Samuel R.",2015
1972_KOONTZ_ADARKNESSINMYSOUL_dirty.txt,A Darkness in My Soul,"Koontz, Dean R.",1972
1973_DICK_AMAZEOFDEATH.txt,A Maze of Death,"Dick, Philip K.",1973
1983_HARRISON_AREBELINTIME.txt,A Rebel in Time,"Harrison, Harry",1983
1977_DICK_ASCANNERDARKLY.txt,A Scanner Darkly,"Dick, Philip K.",1977
1968_GALOUYE_ASCOURGEOFSCREAMERS_dirty.txt,A Scourge of Screamers,"Galyoue, Daniel F.",1968
1948_CONKLIN_ATREASURYOFSCIENCEFICTION_dirty.txt,A Treasury of Science Fiction,"Conklin, Groff",1948
1979_SPINRAD_AWORLDBETWEEN.txt,A world between,"Spinrad, Norman",1979
1988_BUTLER_ADULTHOODRITES.txt,Adulthood Rites,"Butler, Octavia E.",1988
1962_ANDERSON_AFTERDOOMSDAY_dirty.txt,After Doomsday,"Anderson, Poul",1962
1978_GAWRON_ALGORITHM.txt,Algorithm,"Gawron, Jean Mark.",1978
1970_SHERRED_ALIENISLAND.txt,Alien Island,"Sherred, T.L.",1970
1944_STURGEON_ALIENS4_dirty.txt,Aliens 4,"Sturgeon, Theodore",1944
1956_POHL_ALTERNATINGCURRENTS.txt,Alternating Currents,"Pohl, Frederik",1956
1974_GERROLD_ALTERNITIES.txt,Alternities,"Gerrold, David ed.",1974
1962_KNIGHT_ANALOGUEMEN_dirty.txt,Analogue Men,"Knight, Damon",1962
1965_STURGEON_ANDMYFEARISGREAT&BABYISTHREE.txt,Two complete novels : Baby is three ; ... And my fear is great /,"Sturgeon, Theodore",1965
1970_RUSS_ANDCHAOSDIED_dirty.txt,And Chaos Died,"Russ, Joanna",1970
1974_TRALINS_ANDROIDARMAGEDDON_dirty.txt,Android Armageddon,"Tralins, Robert",1974
1970_KOONTZ_ANTIMAN_dirty.txt,Anti-Man,"Koontz, Dean R.",1970
1987_ENGH_ARSLAN.txt,Arslan,"Engh, M.J.",1987
1970_MCGIVERN_ASTOUNDINGSF_dirty.txt,"Astounding Science Fiction, Fall 1970 No. 2","McGivern, William (Ed.)",1970
1968_ELLIOT_ASYLUMEARTH.txt,Asylum Earth,"Elliott, Bruce",1969
1969_DELANY_AYEANDGOMORRAH_dirty.txt,"Aye, and gomorrah","Delany, Samuel R.",1969
1966_DELANY_BABEL17.txt,Babel-17,"Delany, Samuel R.",1966
1970_MOORCOCK_BEHOLDTHEMAN.txt,Behold the Man: A Novel,"Moorcock, Michael",1970
1972_POHL_BESTSCIENCEFICTIONFOR1972_dirty.txt,"Best Science Fiction for 1972, Continuing the Famous Ace Series","Pohl, Frederick",1972
1973_ACKERMAN_BESTSCIENCEFICTIONFOR1973_dirty.txt,Best Science Fiction for 1973,"Ackerman, Forrest J.",1973
1972_DELREY_BESTSCIENCEFICTIONSTORIESOFTHEYEAR_dirty.txt,Best Science Fiction Stories Fifth Annual Collection of the Year (1977),"Del Rey, Lester",1972
1976_DELREY_BESTSCIENCEFICTIONSTORIESOFTHEYEAR_dirty.txt,Best Science Fiction Stories of the Year (1973),"Del Rey, Lester",1976
1967_HARRISON_BESTSF1967_dirty.txt,Best SF: 1967,"Harrison, Harry & Aldiss, Brian W.",1938
1969_HARRISON_BESTSF1969_dirty.txt,Best SF: 1969,"Harrison, Harry & Aldiss, Brian W.",1969
1971_HARRISON_BESTSF1970_dirty.txt,Best SF: 1970,"Harrison, Harry & Aldiss, Brian W.",1971
1960_STURGEON_BEYOND.txt,Beyond,"Sturgeon, Theodore",1960
1955_DUNCAN_BEYONDEDEN.txt,Beyond Eden,"Duncan, David",1955
1965_SOMMERS_BEYONDTHEBLACKENIGMA.txt,Beyond the Black Enigma,"Somers, Bart",1965
1962_BALLARD_BILLENIUM.txt,Billenium,"Ballard, J.G.",1962
1985_GALLUN_BIOBLAST.txt,Bioblast,"Gallun, Raymond Z.",1985
1976_SARGENT_BIOFUTURES_clean.txt,Bio-Futures,"Sargent, Pamela",1976
1954_ANDERSON_BRAINWAVE_clean.txt,Brain Wave,"Anderson, Poul",1954
1976_ZELAZNY_BRIDGEOFASHES_clean.txt,Bridge of Ashes,"Zelazny, Roger",1976
1972_MACAPP_BUMSIDER_dirty.txt,Bumsider,"MacApp, C.C.",1972
1970_VONNEGUT_CATSCRADLE.txt,Cat's Cradle,"Vonnegut Jr., Kurt",1970
1955_STURGEON_CAVIAR.txt,Caviar,"Sturgeon, Theodore",1955
1980_SHIRLEY_CITYCOMEAWALKIN.txt,City Come A-Walkin',"Shirley, John",1980
1965_Delany_CITYOFATHOUSANDSUNS.txt,City of a Thousand Suns,"Delany, Samuel R.",1965
1967_LEGUIN_CITYOFILLUSIONS.txt,City of Illusions,"Le Guin, Ursula K.",1967
1964_DICK_CLANSOFTHEALPHANEMOON.txt,Clans of the Alphane Moon,"Dick, Philip K.",1964
1984_BUTLER_CLAYSARK.txt,Clay's Ark,"Butler, Octavia E.",1984
1973_GUTTERIDGE_COLDWARINACOUNTRYGARDEN.txt,Cold War in a Country Garden,"Gutteridge, Lindsay",1971
1968_REYNOLDS_COMPUTERWAR_clean.txt,Computer War,"Reynolds, Mack",1968
1983_VANVOGT_COMPUTERWORLD_clean.txt,Computerworld,"Van Vogt, A. E.",1983
1953_SOHL_COSTIGANSNEEDLE.txt,Costigan's Needle,"Sohl, Jerry",1953
1967_DICK_COUNTERCLOCKWORLD_dirty.txt,Counter-Clock World,"Dick, Philip K.",1967
1969_ZELAZNY_CREATURESOFLIGHTANDDARKNESS.txt,Creatures of Light and Darkness,"Zelazny, Roger",1969
1977_POHL-KORNBLUTH_CRITICALMASS.txt,Critical Mass,"Pohl, Frederik & Kornbluth, C.M.",1977
1969_ZELAZNY_DAMNATIONALLEY.txt,Damnation Alley,"Zelazny, Roger",1969
1967_ELLISON_DANGEROUSVISIONS.txt,Dangerous Visions,"Ellison, Harlan",1967
1967_ELLISON_DANGEROUSVISIONS2_dirty.txt,Dangerous Visions 2,"Ellison, Harlan",1967
1971_RACKHAM_DARKPLANET.txt,Dark Planet,"Rackham, John",1971
1969_SILVERBERG_DARKSTARS.txt,Dark Stars,"Silverberg, Robert (Ed.)",1969
1968_MERILL_DAUGHTERSOFEARTH.txt,Daughters of Earth,"Merril, Judith",1968
1976_HEINE_DEATHWIND.txt,Death Wind,"Heine, William C.",1976
1960_HARRISON_DEATHWORLD.txt,Deathworld,"Harrison, Harry",1960
1973_KOONTZ_DEMONSEED_clean.txt,Demon Seed,"Koontz, Dean R.",1973
1979_BAEN_DESTINIESVOL1NO2_dirty.txt,"Destinies, Vol. 1, No. 2","Baen, James",1979
1976_DICK-ZELANZY_DEUSIRAE.txt,Deus Irae,"Dick, Philip K. & Zelazny, Roger",1976
1975_DELANY_DHALGREN_dirty.txt,Dhalgren,"Delany, Samuel R.",1973
1985_YATES_DIASPORAH.txt,Diasporah,"Yates, W.R.",1985
1980_GOLDBERG_DISPOSABLEPEOPLE_dirty.txt,Disposable People,"Goldberg, Marshall & Kay, Kenneth",1980
1968_DICK_DOANDROIDSDREAMOFELECTRICSHEEP.txt,Do Androids Dream of Electric Sheep?,"Dick, Philip K.",1968
1963_CLARKE_DOLPHINISLAND.txt,Dolphin Island,"Clarke, Arthur C.",1963
1962_MCLAUGHLIN_DOMEWORLD.txt,Dome World,"McLaughlin, Dean",1962
1942_SIODMAK_DONOVANSBRAIN_dirty.txt,Donovan's Brain,"Siodmak, Curt",1942
1962_MACTYRE_DOOMSDAY1999_dirty.txt,"Doomsday, 1999","MacTyre, Paul",1962
1966_HAMILTON_DOOMSTAR.txt,Doomstar,"Hamilton, Edmond",1966
1978_MEYERS_DOOMSTAR_dirty.txt,Doom Star,"Meyers, Richard S.",1978
1976_ZELAZNY_DOORWAYSINTHESAND.txt,Doorways in the Sand,"Zelazny, Roger",1976
1967_CHARBONNEAU_DOWNTOEARTH_dirty.txt,Down to Earth,"Charbonneau, Louis",1967
1965_DICK_DRBLOODMONEYORHOWWEGOTALONGAFTERTHEBOMB.txt,Dr. Bloodmoney,"Dick, Philip K.",1965
1967_KUTTNER_DRCYCLOPS_dirty.txt,Dr. Cyclops,"Kuttner, Henry",1967
1971_DELANY_DRIFTGLASS.txt,Driftglass,"Delany, Samuel R.",1971
1970_LANGE_DRUGOFCHOICE_clean.txt,Drug of Choice,"Lange, John",1970
1965_HERBERT_DUNE.txt,Dune,"Herbert, Frank",1965
1970_O'DONNELL_DWELLERSOFTHEDEEP.txt,Dwellers of the Deep,"O'Donnell, K.M.",1970
1949_STEWART_EARTHABIDES.txt,Earth Abides,"Stewart, George R.",1949
1969_KAMIN_EARTHRIM.txt,Earthrim,"Kamin, Nick",1969
1979_LEE_ELECTRICFOREST.txt,Electric Forest,"Lee, Tanith",1979
1966_VANVOGT_EMPIREOFTHEATOM_dirty.txt,Empire of the Atom,"Van Vogt, A. E.",1966
1972_BAYLEY_EMPIREOFTWOWORLDS_dirty.txt,Empire of Two Worlds,"Bayley, Barrington J.",1972
1966_DELANY_EMPIRESTAR.txt,Empire Star,"Delany, Samuel R.",1966
1963_HOWARD_ESCAPETOEARTH.txt,Escape to Earth,"Howard, Ivan ed.",1963
1963_MOSKOWITZ_EXPLORINGOTHERWORLDS.txt,Exploring Other Worlds,"Moskowitz, Sam (Ed.)",1963
1982_ZELAZNY_EYEOFCAT_clean.txt,Eye of Cat,"Zelazny, Roger",1982
1962_BURDICK_FAILSAFE_dirty.txt,Fail-Safe,"Burdick, Eugene & Wheeler, Harvey",1962
1994_HARRIS_FATHERLAND.txt,Fatherland,"Harris, Robert",1994
1969_KOONTZ_FEARTHATMAN.txt,Fear that Man,"Koontz, Dean R.",1969
1974_DICK_FLOWMYTEARSTHEPOLICEMANSAID.txt,"Flow My Tears, The Policeman Said","Dick, Philip K.",1974
1982_ASIMOV_FOUNDATIONSEDGE.txt,Foundation's Edge,"Asimov, Issac",1982
1967_ZELAZNY_FOURFORTOMORROW.txt,Four for Tomorrow,"Zelazny, Roger",1967
1959_LEINSTER_FOURFROMPLANET5.txt,Four from Planet 5,"Leinster, Murray",1959
1973_CONEY_FRIENDSCOMEINBOXES.txt,Friends Come in Boxes,"Coney, Michael",1973
1973_ELWOOD_FUTURECITY.txt,Future City,"Elwood, Roger (Ed.)",1973
1959_BLISH_GALACTICCLUSTER_dirty.txt,Galactic Cluster,"Blish, James",1959
1969_DICK_GALACTICPOT-HEALER.txt,Galactic Pot-Healer,"Dick, Philip",1969
1980_BAEN_GALAXYTHEBESTOFMYYEARS_dirty.txt,Galaxy The Best of My Years,"Baen, James",1980
1960_MARGULIES_GETOUTOFMYSKY.txt,Get Out of My Sky,"Margulies, Leo",1960
1969_VINGE_GRIMMSWORLD.txt,Grimm's World,"Vinge, Vernor",1969
1975_GOTSCHALK_GROWINGUPINTIER3000_dirty.txt,Growing up in Tier 3000,"Gotschalk, Felix C.",1975
1984_SHWARTZ_HABITATS.txt,Habitats,"Shwartz, Susan (Ed.)",1984
1993_POGUE_HARDDRIVE_clean.txt,Hard Drive,"Pogue, David",1993
1960_MAINE_HEOWNEDTHEWORLD.txt,He Owned the World,"Maine, Charles Eric",1960
1954_CRANE_HEROSWALK_clean.txt,Hero's Walk,"Crane, Robert",1954
1987_BENFORD_HITLERVICTORIOUS.txt,Hitler Victorious: Eleven Stories of the German victory in World War II,"Benford, Gregory & Greenberg, Martin Harry",1987
1971_MCALLISTER_HUMANITYPRIME.txt,Humanity Prime,"McAllister, Bruce",1971
1954_GRIDBAN_ICAMEISAWIWONDERED_dirty.txt,I Came I Saw I Wondered,"Gridban, Volsted",1954
1984_ROBINSON_ICEHENGE.txt,Icehenge,"Robinson, Kim Stanley",1984
1967_ELLISON_IHAVENOMOUTHANDIMUSTSCREAM.txt,I Have No Mouth and I Must Scream,"Ellison, Harlan",1967
1985_DICK_IHOPEISHALLARRIVESOON.txt,I Hope I Shall Arrive Soon,"Dick, Philip K.",1985
1977_STERLING_INVOLUTIONOCEAN_clean.txt,Involution Ocean,"Sterling, Bruce",1977
1969_ZELAZNY_ISLEOFTHEDEAD_dirty.txt,Isle of the Dead,"Zelazny, Roger",1969
1977_GUNN_KAMPUS_dirty.txt,Kampus,"Gunn, James E.",1977
1966_LONG_LESTEARTHBECONQUERED.txt,Lest Earth Be Conquered,"Long, Frank Belknap",1966
1992_WILSON_LIFEFORM.txt,Life Form,"Wilson, Keith M.D.",1992
1967_GESTON_LORDSOFTHESTARSHIP.txt,Lords of the Starship,"Geston, Mark",1967
1969_ANTHONY_MACROSCOPE.txt,Macroscope,"Anthony, Piers",1969
1964_DICK_MARTIANTIMESLIP.txt,Martian Time-Slip,"Dick, Philip K.",1964
1970_JAKES_MASKOFCHAOS.txt,Mask of Chaos,"Jakes, John",1970
1970_MASON_MATRIX.txt,Matrix,"Mason, Douglas",1970
1969_WOLLHEIM_MENONTHEMOON.txt,Men on the Moon,"Wollheim, Donald (Ed.)",1969
1972_BLISH_MIDSUMMERCENTURY.txt,Midsummer Century,"Blish, James",1972
1983_VARLEY_MILLENNIUM_dirty.txt,Millenium,"Varley, John",1983
1972_KELLEY_MINDMIX_dirty.txt,Mindmix,"Kelley, Leo P.",1972
1977_BUTLER_MINDOFMYMIND.txt,Mind of My Mind,"Butler, Octavia E.",1977
1986_STERLING_MIRRORSHADESTHECYBERPUNKANTHOLOGY.txt,Mirrorshades,"Sterling, Bruce",1986
1974_CONEY_MONITORFOUNDINORBIT.txt,Monitor Found in Orbit,"Coney, Michael G.",1974
1959_LEINSTER_MONSTERSANDSUCH_dirty.txt,Monsters and Such: Seven startling stories of the inhuman and nonhuman by the unrivaled master of the impossible,"Leinster, Murray",1959
1963_WOLLHEIM_MOREADVENTURESONOTHERPLANETS.txt,More Adventures on other planets,"Wollheim, Donald (Ed.)",1963
1962_ASIMOV_MORESOVIETSCIENCEFICTION_dirty.txt,More Soviet Science Fiction,"Asimov, Issac",1962
1953_STURGEON_MORETHANHUMAN.txt,More Than Human,"Sturgeon, Theodore",1953
1962_VONNEGUT_MOTHERNIGHT_clean.txt,Mother Night,"Vonnegut Jr., Kurt",1962
1976_ZELAZNY_MYNAMEISLEGION.txt,My Name is Legion,"Zelazny, Roger",1976
1983_ANDERSON_NEWAMERICA_dirty.txt,New America,"Anderson, Poul",1983
1971_MOORCOCK_NEWWORLDSQUARTERLY1_dirty.txt,"New World Quarterly, No.1","Moorcock, Michael",1971
1972_MOORCOCK_NEWWORLDSQUARTERLY3_dirty.txt,"New World Quarterly, No.3","Moorcock, Michael",1972
1972_MOORCOCK_NEWWORLDSQUARTERLY4_dirty.txt,"New World Quarterly, No.4","Moorcock, Michael",1972
1960_BULMER_NEWWORLDSSCIENCEFICTIONVOL1NO1_dirty.txt,"New Worlds Science Fiction, March 1960 Vol. 1 No. 1","Bulmer, Kenneth",1960
1970_POHL_NIGHTMAREAGE_clean.txt,Nightmare Age,"Pohl, Frederik",1970
1975_DOZOIS-EFFINGER_NIGHTMAREBLUE.txt,Nightmare Blue,"Dozois, Gardner and Effinger, George Alec",1975
1968_SILVERBERG_NIGHTWINGS.txt,Nightwings,"Silverberg, Robert",1968
1955_KUTTNER_NOBOUNDARIES_clean.txt,No Boundaries,"Kuttner, Henry & Moore, C.L.",1955
1962_DICKSON_NOROOMFORMAN.txt,No Room for Man,"Dickson, Gordon R.",1962
1961_ANDERSON_ORBITUNLIMITED.txt,Orbit Unlimited,"Anderson, Poul",1961
1970_DICK_OURFRIENDSFROMFROLIX8.txt,Our Friends from Frolix 8,"Dick, Philip K.",1970
1963_BALLARD_PASSPORTTOETERNITY.txt,Passport to Eternity,"Ballard, J.G.",1963
1976_BUTLER_PATTERNMASTER.txt,Patternmaster,"Butler, Octavia E.",1976
1973_KAPP_PATTERNSOFCHAOS_dirty.txt,Patterns of Chaos,"Kapp, Colin.",1973
1969_RICHMOND-RICHMOND_PHOENIXSHIP.txt,Phoenix Ship,"Richmond, Walt and Leigh",1969
1968_RUSS_PICNICONPARADISE.txt,Picnic on Paradise,"Russ, Joanna",1968
1971_RUNYON_PIGWORLD_dirty.txt,Pigworld,"W. Runyon, Charles",1971
1961_HENDERSON_PILGRIMAGE_dirty.txt,Pilgrimage,"Henderson, Zenna",1961
1957_SHECKLEY_PILGRIMAGETOEARTH.txt,Pilgrimage to Earth,"Sheckley, Robert",1957
1966_LEGUIN_PLANETOFEXILE.txt,Planet of Exile,"Le Guin, Ursula K.",1966
1970_VANVOGT_PLANETSFORSALE.txt,Planets for Sale,"van Vogt A.E. and Hull, E.Mayne",1970
1980_VONNEGUT_PLAYERPIANO_dirty.txt,Player Piano,"Vonnegut, Kurt",1980
1990_SUNDOWN_POCKETSOFRESISTANCE_clean.txt,Pockets of Resistance,"Sundown, Will",1990
1969_MACAPP_PRISONERSOFTHESKY.txt,Prisoners of the sky,"MacAPP, C.C.",1969
1971_GLASBY_PROJECTJOVE.txt,Project Jove,"Glasby, John",1971
1973_DELREY_PSTALEMATE_dirty.txt,Pstalemate,"Del Rey, Lester",1973
1965_CHARBONNEAU_PSYCHEDELIC-40.txt,Psychedelic-40,"Charbonneau, Louis H.",1965
1970_DELANY_QUARK1_dirty.txt,"quark /#1, a quarterly of speculative fiction","Delany, Samuel R. & Hacker, Marilyn",1970
1956_CLARKE_REACHFORTOMORROW_dirty.txt,Reach for Tomorrow,"Clarke, Arthur C.",1956
1979_VANVOGT_RENAISSANCE.txt,Renaissance,"van Vogt, A.E.",1979
1968_ALDISS_REPORTONPROBABILITYA.txt,Report on Probability A,"Aldiss, Brian W.",1967
1962_KUTTNER_RETURNTOOTHERNESS_dirty.txt,Return to Otherness,"Kuttner, Henry",1962
1953_HEINLEIN_REVOLTIN2100_clean.txt,Revolt in 2100,"Heinlein, Robert A.",1953
1979_ZELAZNY_ROADMARKS_clean.txt,Roadmarks,"Zelazny, Roger",1979
1957_BROWN_ROGUEINSPACE.txt,Rogue in Space,"Brown, Frederic",1957
1958_NOURSE_SCAVENGERSINSPACE_dirty.txt,Scavengers in Space,"Nourse, Alan E.",1958
1970_CHEETHAM_SCIENCEAGAINSTMAN.txt,Science Against Man,"Cheetham, Anthony (Ed.)",1970
1969_TONO_SCIENCEFICTIONYEARBOOK_dirty.txt,"Science Fiction Yearbook, Vol. 3","Tono, Helen",1969
1970_MOORE_SCIENCEFICTIONYEARBOOK_dirty.txt,"Science Fiction Yearbook, Vol. 4","Moore, Sharon",1970
1978_COOPER_SEAHORSEINTHESKY.txt,Sea-Horse in the Sky,"Cooper, Edmund",1978
1965_LESSER_SECRETOFTHEBLACKPLANET_dirty.txt,Secret of the Black Planet,"Lesser, Milton",1965
1969_LESSER_SECRETOFTHEBLACKPLANET_dirty.txt,Secret of the Black Planet,"Lesser, Milton",1969
1967_STERNBERG_SEXUALIS95_dirty.txt,Sexualis '95,"Steinberg, Jacques",1967
1968_HARRISON_SFAUTHORSCHOICE.txt,SF: Authors' Choice,"Harrison, Harry (Ed.)",1968
1975_ZELAZNY_SIGNOFTHEUNICORN.txt,Sign of the Unicorn,"Zelazny, Roger",1975
1970_JAKES_SIXGUNPLANET_dirty.txt,Six-Gun Planet,"Jakes, John.",1970
1963_JANIFER_SLAVEPLANET_dirty.txt,Slave Planet,"M. Janifer, Laurence",1963
1957_POHL_SLAVESHIP_dirty.txt,Slave Ship,"Pohl, Frederick",1957
1961_LEM_SOLARIS.txt,Solaris,"Lem, Stanislaw",1961
1961_STURGEON_SOMEOFYOURBLOOD.txt,Some of Your Blood,"Sturgeon, Theodore",1961
1956_GOLDING-PEAKE-WYNDHAM_SOMETIMENEVER.txt,"Sometime, Never","Golding, William | Wyndham, John | Peake, Mervyn",1956
1976_SABERHAGEN_SPECIMENS.txt,Specimens,"Saberhagen, Fred",1976
1954_POHL_STAR.txt,Star Short Novels,"Pohl, Frederik (Ed.)",1954
1958_BESTER_STARBURST_clean.txt,Starburst,"Bester, Alfred",1958
1958_ALDISS_STARSHIP.txt,Starship,"Aldiss, Brian W.",1958
1959_HEILEIN_STARSHIPTROOPERS.txt,Starship troopers,"Heilein, Robert",1959
1969_HEINLEIN_STRANGERINASTRANGELAND_dirty.txt,Stranger in a Strange Land,"Heinlein, Robert A.",1969
1964_STURGEON_STURGEONINORBIT.txt,Sturgeon in orbit,"Sturgeon, Theodore",1964
1964_GOTLIEB_SUNBURST.txt,Sunburst,"Gotlieb, Phyllis",1964
1985_KILLUS_SUNSMOKE.txt,Sunsmoke,"Killus, James",1985
1979_DELANY_TALESOFNEVERYON.txt,Tales of Neveryon,"Delany, Samuel R.",1979
1970_ANDERSON_TAUZERO_dirty.txt,Tau Zero,"Anderson, Poul",1970
1964_BALLARD_TERMINALBEACH.txt,Terminal Beach,"Ballard, J.G.",1964
1979_WOLLHEIM_THE1979ANNUALWORLDSBESTSF_dirty.txt,The 1979 Annual World's Best SF,"Wollheim, Donald A.",1979
1980_WOLLHEIM_THE1980ANNUALWORLDSBESTSF_dirty.txt,The 1980 Annual World's Best SF,"Wollheim, Donald A.",1980
1987_WOLLHEIM_THE1987ANNUALWORLDSBESTSF_dirty.txt,The 1987 Annual World's Best SF,"Wollheim, Donald A.",1987
1970_KELLEY_THEACCIDENTALEARTH.txt,The Accidental Earth,"Kelley, Leo P.",1970
1973_GOLDIN_THEALIENCONDITION.txt,The Alien Condition,"Goldin, Stephen (Ed.)",1973
1955_BOUCHER_THEBESTFROMFANTASYANDSCIENCEFICTION_dirty.txt,"The Best From Fantasy and Science Fiction, Fourth Series","Boucher, Anthony",1955
1972_STURGEON_THEBESTOFGALAXYVOLUME1_dirty.txt,The Best From Galaxy Volume I,[Various],1972
1974_BAEN_THEBESTFROMGALAXYVOLUME2_dirty.txt,The Best from Galaxy Volume II,[Various],1974
1975_BAEN_THEBESTFROMGALAXYVOLUME3_dirty.txt,The Best From Galaxy Volume III,"Baen, James",1975
1976_BAEN_THEBESTFROMGALAXYVOLUMEIV_dirty.txt,The Best From Galaxy Volume IV,"Baen, James",1976
1974_BAEN_THEBESTOFIF_dirty.txt,The Best from IF Volume 2,[Various],1974
1976_BAEN_THEBESTFROMIFVOLUME3_dirty.txt,The Best From IF Volume 3,"Baen, James",1976
1980_BAEN_THEBESTOFDESTINIES_dirty.txt,The Best of Destinies (1980),"Baen, James",1980
1979_BLISH_THEBESTOFJAMESBLISH.txt,The Best of James Blish,"Blish, James",1979
1972_CARR_THEBESTSCIENCEFICTIONOFTHEYEAR_dirty.txt,The Best Science Fiction of the Year #1 (1972),"Carr, Terry",1972
1973_CARR_THEBESTSCIENCEFICTIONOFTHEYEAR#2_dirty.txt,The Best Science Fiction of the Year #2,"Carr, Terry",1972
1974_CARR_THEBESTSCIENCEFICTIONOFTHEYEAR#3_dirty.txt,The Best Science Fiction of the Year #3 (1974),"Carr, Terry",1974
1975_CARR_THEBESTSCIENCEFICTIONOFTHEYEAR#4_dirty.txt,The Best Science Fiction of the Year #4 (1975),"Carr, Terry",1975
1976_CARR_THEBESTSCIENCEFICTIONOFTHEYEAR#5_dirty.txt,The Best Science Fiction of the Year #5 (1976),"Carr, Terry",1976
1980_CARR_THEBESTSCIENCEFICTIONOFTHEYEAR#9_dirty.txt,The Best Science Fiction of the Year #9,"Carr, Terry",1980
1964_BRADLEY_THEBLOODYSUN_dirty.txt,The Bloody Sun,"Zimmer Bradley, Marion",1964
1966_VANCE_THEBRAINSOFEARTH.txt,The Brains of Earth,"Vance, Jack",1966
1987_DELANY_THEBRIDGEOFLOSTDESIRE.txt,The Bridge of Lost Desire,"Delany, Samuel R.",1987
1964_BALLARD_THEBURNINGWORLD.txt,The Burning World,"Ballard, J.G.",1964
1971_ANDERSON_THEBYWORLDER_dirty.txt,The Byworlder,"Anderson, Poul",1971
1965_MEAD_THECAREFULLYCONSIDEREDRAPEOFTHEWORLD.txt,The Carefully Considered Rape of the World,"Mead, Shepherd",1965
1956_POHL_THECASEAGAINSTTOMORROW_dirty.txt,The Case Against Tomorrow,"Pohl, Frederick",1956
1981_ZELAZNY_THECHANGINGLAND.txt,The changing land : a novel of Dilvish the damned,"Zelazny, Roger",1981
1956_BRADBURY_THECIRCUSOFDRLAOANDOTHERIMPROBABLESTORIES_dirty.txt,The Circus of Dr. Lao and other improbable stories,"Bradbury, Ray",1956
1972_TRIMBLE_THECITYMACHINE_dirty.txt,The City Machine,"Trimble, Louis",1972
1960_LIVINGSTON_THECLIMACTICON_dirty.txt,The Climacticon,"Livingston, Harold",1960
1973_COOPER_THECLOUDWALKER.txt,The Cloud Walker,"Cooper, Edmund",1973
1963_MOSKOWITZ_THECOMINGOFTHEROBOTS_dirty.txt,The Coming of the Robots,"Moskowitz, Sam",1963
1963_PIPER_THECOSMICCOMPUTER_dirty.txt,The Cosmic Computer,"Beam, Piper H.",1963
1968_STURGEON_COSMICRAPE_dirty.txt,The cosmic rape,"Sturgeon, Theodore",1958
1978_ZELAZNY_THECOURTSOFCHAOS_clean.txt,The Courts of Chaos,"Zelazny, Roger",1978
1966_DICK_THECRACKINSPACE.txt,The Crack in Space,"Dick, Philip K.",1966
1967_BALLARD_THECRYSTALWORLD.txt,The Crystal World,"Ballard, J.G.",1967
1964_BESTER_THEDARKSIDEOFTHEEARTH.txt,The Dark Side of the Earth,"Bester, Alfred",1964
1975_VALE_THEDAYAFTERDOOMSDAYAFANTASYOFTIMETRAVEL.txt,The Day after Doomsday: A Fantasy fof Time Travel,"Vale, Rena",1970
1967_KLEIN_THEDAYBEFORETOMORROW.txt,The Day Before Tomorrow,"Klein, Gerard",1967
1967_LEWIS_THEDAYNEWYORKTREMBLED_dirty.txt,The Day New York Trembled,"Lewis, Irwin",1967
1963_HATCH_THEDAYTHEEARTHFROZE_dirty.txt,The Day the Earth Froze,"Hatch, Gerald",1963
1964_FONTENAY_THEDAYTHEOCEANSOVERFLOWED_clean.txt,The Day the Oceans Overflowed,"Fontenay, Charles L.",1964
1929_ROHMER_THEDAYTHEWORLDENDED.txt,The Day The World Ended,"Rohmer, Sax",1929
1961_WILLIAMS_THEDAYTHEYHBOMBEDLOSANGELES.txt,The Day They H-Bombed Los Angeles,"Williams, Robert Moore",1961
1964_LEWIS_THEDAYTHEYINVADEDNEWYORK_dirty.txt,The Day They Invaded New York,"Lewis, Irwin",1964
1965_BULMER_THEDOOMSDAYMEN.txt,The Doomsday Men,"Bulmer, Kenneth",1965
1963_BRUNNER_THEDREAMINGEARTH.txt,The Dreaming Earth,"Brunner, John",1963
1966_ZELAZNY_THEDREAMMASTER.txt,The Dream Master,"Zelazny, Roger",1966
1962_BALLARD_THEDROWNEDWORLD.txt,The Drowned World,"Ballard, J.G.",1962
1959_BLISH-LOWNDES_THEDUPLICATEDMAN.txt,The Duplicated Man,"Blish, James and Robert Lowndes",1959
1970_MARGROFF_THEESPWORM_dirty.txt,The E.S.P. Worm,"Anthony, Piers & Margroff, Robert E.",1970
1973_PESEK_THEEARTHISNEAR.txt,The Earth is Near,"Pesek, Ludek",1973
1967_Delany_THEEINSTEININTERSECTION.txt,The Einstein Intersection,"Delany, Samuel R.",1967
1969_JOHANNESSON_THEENDOFMAN.txt,The End of Man?,"Johannesson, Olof",1969
1983_GILLILAND_THEENDOFTHEEMPIRE.txt,The End of the Empire,"Gilliland, Alexis",1983
1974_BAYLEY_THEFALLOFCHRONOPOLIS.txt,The Fall of Chronopolis,"Bayley, Barrington J.",1974
1970_Delany_THEFALLOFTHETOWERSTRILOGY.txt,The Fall of the Towers,"Delany, Samuel R.",1970
1975_RUSS_THEFEMALEMAN.txt,The Female Man,"Russ, Joanna",1975
1961_MOORCOCK_THEFINALPROGRAMME.txt,The Final Programme,"Moorcock, Michael",1968
1970_GOULART_THEFIREEATER_dirty.txt,The Fire-Eater,"Goulart, Ron",1970
1942_ASIMOV_THEFOUNDATIONTRILOGY.txt,The Foundation Trilogy: Three Classics of Science Fiction,"Asimov, Issac",1942
1968_MERAK_THEFROZENPLANET.txt,The Frozen Planet,"Merak, A.J.",1968
1966_ROBERTS_THEFURIES_dirty.txt,The Furies,"Roberts, Keith.",1966
1977_HOSKINS_THEFUTURENOWSAVINGTOMORROW_clean.txt,The Future Now: Saving Tomorrow,"Hoskins, Robert",1977
1963_DICK_THEGAME-PLAYERSOFTITAN.txt,The Game-Players of Titan,"Dick, Philip K.",1963
1967_DICK_THEGANYMEDETAKEOVER.txt,The Ganymede Takeover,"Dick, Philip K. & Nelson, Ray",1967
1970_BARRETT_THEGATESOFTIME.txt,The Gates of Time,"Barrett, Jr., Neal",1970
1960_DICKSON_THEGENETICGENERAL_dirty.txt,The Genetic General,"Dickson, Gordon R.",1960
1965_DISCH_THEGENOCIDES_clean.txt,The Genocides,"Disch, Thomas M.",1965
1972_ASIMOV_THEGODSTHEMSELVES.txt,The Gods Themselves,"Asimov, Issac",1972
1974_BASS_THEGODWHALE.txt,The Godwhale,"Bass, T.J.",1974
1954_STATTEN_THEGRANDILLUSION_dirty.txt,The Grand Illusion,"Stratten, Vargo",1954
1957_FARMER_THEGREENODYSSEY.txt,The Green Odyssey,"Farmer, Philip Jose",1957
1989_DAY_THEHACKER.txt,The Hacker,"Day, Chet",1989
1985_ATWOOD_THEHANDMAIDSTALE.txt,The Handmaid's Tale,"Atwood, Margaret",1985
1973_KOONTZ_THEHAUNTEDEARTH.txt,The Haunted Earth,"Koontz, Dean",1973
1963_LOVECRAFT_THEHAUNTEROFTHEDARKANDOTHERTALES.txt,The Haunter of the Dark and Other Tales,"Lovecraft, H.P",1963
1971_KAMIN_THEHERODMEN.txt,The Herod Men,"Kamin, Nick",1971
1959_WOLLHEIM_THEHIDDENPLANET.txt,The Hidden Planet,"Wollheim, Donald (Ed.)",1959
1908_HODGSON_THEHOUSEONTHEBORDERLAND.txt,The House on the Borderland,"Hodgson, William Hope",1908
1971_BULMER_THEHUNTERSOFJUNDAGAI.txt,The Hunters of Jundagai,"Bulmer, Kenneth",1971
1970_SMITH_INDIANSWON_dirty.txt,The Indians Won,"Smith, Martin",1970
1971_BULMER_THEINSANECITY.txt,The Insane City,"Bulmer, Kenneth",1971
1978_KAPP_THEIONWAR.txt,The Ion War,"Kapp, Colin",1978
1972_SPINRAD_THEIRONDREAM_clean.txt,The Iron Dream,"Spinrad, Norman",1972
1962_DELANY_THEJEWELSOFAPTOR.txt,The Jewels of Aptor,"Delany, Samuel R.",1962
1965_HARRISON_THEJUPITERLEGACY.txt,The Jupiter Legacy,"Harrison, Harry",1965
1969_COOPER_THELASTCONTINENT_dirty.txt,The Last Continent,"Cooper, Edmund",1969
1970_SPINRAD_THELASTHURRAHOFTHEGOLDENHORDE.txt,The Last Hurrah of the Golden Horde,"Spinrad, Norman",1970
1982_YOUNG_THELASTYGGDRASILL.txt,The Last Yggdrasill,"Young, Robert F.",1982
1969_LEGUIN_THELEFTHANDOFDARKNESS.txt,The Left Hand of Darkness,"Le Guin, Ursula K.",1969
1958_TUCKER_THELINCOLNHUNTERS.txt,The Lincoln Hunters,"Tucker, Wilson",1958
1975_HILL_THELONGSLEEP_dirty.txt,The Long Sleep,"Hill, John",1975
1961_FARMERS_THELOVERS.txt,The Lovers,"Farmer, Philip Jose",1961
1965_FARMER_THEMAKEROFUNIVERSES.txt,The Maker of Universes,"Farmer, Philip Jose",1965
1971_GREEN_THEMINDBEHINDTHEEYE_dirty.txt,The Mind Behind the Eye,"Green, Joseph",1971
1963_TEVIS_THEMANWHOFELLTOEARTH_dirty.txt,The Man who Fell to Earth,"Trevis, Walter",1963
1973_CARTER_THEMANWHOLOVEDMARS_dirty.txt,The Man Who Loved Mars,"Carter, Lin.",1973
1959_HEINLEIN_THEMANWHOSOLDTHEMOON_dirty.txt,The Man Who Sold the Moon,"Heinlein, Robert A.",1959
1966_VANCE_THEMANYWORLDSOFMAGNUSRIDOLPH_dirty.txt,The Many Worlds of Magnus Ridolph,"Vance, Jack",1966
1959_LEINSTER_THEMONSTERFROMEARTHSEND.txt,The Monster from Earth's End,"Leinster, Murray",1959
1971_SLADEK_THEMULLER-FOKKEREFFECT.txt,The Muller-Fokker Effect,"Sladek, John",1971
1966_NEVILLE_THEMUTANTS_dirty.txt,The Mutants,"Neville, Kris",1966
1978_SARGENT_THENEWWOMENOFWONDER.txt,The New Women of Wonder,"Sargent, Pamela",1978
1977_COHEN_THENIGHTOFTHETOYDRAGONS.txt,The night of the toy Dragons,"Cohen, Barney",1977
1966_POHL_THENINTHGALAXYREADER_dirty.txt,The Ninth Galaxy Reader,"Pohl, Frederick",1966
1958_CLARKE_THEOTHERSIDEOFTHESKY.txt,The other Side of the Sky,"Clarke, Arthur",1959
1971_JHARRISON_THEPASTELCITY.txt,The Pastel City,"Harrison, M. John",1971
1964_DICK_THEPENULTIMATETRUTH.txt,The Penultimate Truth,"Dick, Philip K.",1964
1957_LEINSTER_THEPLANETEXPLORER.txt,The Planet Explorer,"Leinster, Murray",1957
1948_VANVOGT_THEPLAYERSOFNULLA_clean.txt,The Players of Null-A,"Van Vogt, A. E.",1948
1976_WILLIAMSON_THEPOWEROFBLACKNESS_dirty.txt,The Power of Blackness,"Williamson, Jack",1976
1969_DICK_THEPRESERVINGMACHINE.txt,The Preserving Machine,"Dick, Philip K.",1969
1972_DICKSON_THEPRITCHERMASS.txt,The Pritcher Mass,"Dickson, Gordon R.",1972
1977_RICHMOND_THEPROBABILITYCORNER_dirty.txt,The Probability Corner,"Richmond, Walt & Richmond, Leigh",1977
1964_HIGH_THEPRODIGALSUN.txt,The Prodigal Sun,"High, Philip",1964
1964_KASTLE_THEREASSEMBLEDMAN_dirty.txt,The Reassembled Man,"Kastle, Herbert D.",1964
1969_ANDERSON_THEREBELWORLDS_dirty.txt,The Rebel Worlds,"A. Heinlein, Robert",1969
1962_WINTERBOTHAM_THEREDPLANET.txt,The Red Planet,"Winterbotham, Russ",1962
1970_HAIBLUM_THERETURN.txt,The Return,"Haiblum, Isidore",1970
1972_FRIEDELL_THERETURNOFTHETIMEMACHINE_dirty.txt,The Return of the Time Machine,"Friedell, Egon",1972
1971_DISCH_THERUINSOFEARTH.txt,The Ruins of Earth,"Disch, Thomas (Ed.)",1971
1971_SILVERBERG_THESCIENCEFICTIONBESTIARY.txt,The Science Fiction Bestiary,"Silverberg, Robert (Ed.)",1971
1957_BLISH_THESEEDLINGSTARS.txt,The Seedling Stars,"Blish, James",1957
1969_MATHESON_THESHRINKINGMAN_dirty.txt,The Shrinking Man,"Matheson, Richard",1969
1964_DICK_THESIMULACRA.txt,The Simulacra,"Dick, Philip K.",1964
1959_VONNEGUT_THESIRENSOFTITAN.txt,The Sirens of Titan,"Vonnegut Jr., Kurt",1959
1951_WYLIE_THESMUGGLEDATOMBOMB.txt,The Smuggled Atom Bomb,"Wylie, Philip",1951
1978_PRIEST_THESPACEMACHINE_dirty.txt,The Space Machine,"Priest, Christopher",1978
1953_POHL_THESPACEMERCHANT.txt,The Space Merchants,"Pohl, Frederick & Kornbluth, C.M.",1953
1968_WHITE_THESPAWNOFTHEDEATHMACHINE.txt,The Spawn of the Death Machine,"White, Ted",1968
1966_ANDERSON_THESTARFOX_dirty.txt,The Star Fox,"Anderson, Poul",1966
1970_BAYLEY_THESTARVIRUS.txt,The Star Virus,"Bayley, Barrington J.",1971
1996_BESTER_THESTARSMYDESTINATION_dirty.txt,The Stars My Destination,"Bester, Alfred",1996
1973_MCINTOSH_THESUICIDERS_dirty.txt,The Suiciders,"McIntosh, J.T.",1973
1974_WALDROP_THETEXASISRAELIWAR1999_clean.txt,The Texas-Israeli War: 1999,"Saunders, Jake & Waldrop, Howard",1974
1964_DICK_THETHREESTIGMATAOFPALMERELDRITCH.txt,The Three Stigmata of Palmer Eldritch,"Dick, Philip K.",1964
1959_MAINE_THETIDEWENTOUT.txt,The Tide Went Out,"Maine, Charles Eric",1959
1967_LEINSTER_THETIMETUNNEL_dirty.txt,The Time Tunnel,"Leinster, Murray",1967
1973_GOULART_THETINANGEL_dirty.txt,The Tin Angel,"Goulart, Ron",1973
1971_LEGUIN_THETOMBSOFATUAN_dirty.txt,The Tombs of Atuan,"Le Guin, Ursula K.",1971
1982_DICK_THETRANSMIGRATIONOFTIMOTHYARCHER.txt,The Transmigration of Timothy Archer,"Dick, Philip K.",1982
1966_PURDOM_THETREELORDOFIMETEN.txt,The Tree Lord of Imeten,"Purdom, Tom",1966
1966_MOORCOCK_THETWILIGHTMAN_dirty.txt,The Twilight Man,"Moorcock, Michael",1966
1971_WOLLHEIM_THEUNIVERSEMAKERS_dirty.txt,The Universe Makers,"Wollheim, Donald A.",1971
1954_HAMILTON_THEVALLEYOFCREATION.txt,The Valley of Creation,"Hamilton, Edmond",1954
1960_BALLARD_THEVOICESOFTIMEANDOTHERSTORIES.txt,"The Voices of Time, and other stories","Ballard, J.G.",1962
1960_LEINSTER_THEWAILINGASTEROID.txt,The Wailing Asteroid,"Leinster, Murray",1960
1962_COGSWELL_THEWALLAROUNDTHEWORLD.txt,The Wall Around The World,"Cogswell, Theodore",1962
1964_LEIBER_THEWANDERER.txt,The Wanderer,"Leiber, Fritz",1964
1962_BURGESS_THEWANTINGSEED.txt,The Wanting Seed,"Burgess, Anthony",1962
1979_VANVOGT_THEWEAPONMAKERS.txt,The Weapon Makers,"van Vogt, A.E.",1979
1964_BRUNNER_THEWHOLEMAN_dirty.txt,The Whole Man,"Brunner, John",1964
1978_GOULART_THEWICKEDCYBORG.txt,The Wicked Cyborg,"Goulart, Ron",1978
1926_BALLARD_THEWINDFROMNOWHERE.txt,The Wind from Nowhere,"Ballard, J.G.",1962
1962_CLARKE_THEWINDFROMTHESUN.txt,The Wind From The Sun,"Clarke, Arthur C.",1962
1975_LEGUIN_THEWIND'STWELVEQUARTERS.txt,The Wind's Twelve Quarters,"Le Guin, Ursula K.",1975
1976_WALLACE_THEWORLDASUNDER.txt,The World Asunder,"Wallace, Ian",1976
1945_VANVOGT_THEWORLDOFNULL-A.txt,The World of Null-A,"Van Vogt, A. E.",1945
1970_TUCKER_THEYEAROFTHEQUIETSUN.txt,The Year of the Quiet Sun,"Tucker, Wilson",1970
1956_MERRIL_THEYEARSGREATESTSCIENCEFICTIONANDFANTASY_dirty.txt,The Year's Greatest Science-Fiction and Fantasy,"Merril, Judith",1956
1957_MERRIL_THEYEARSGREATESTSCIENCEFICTIONANDFANTASY_dirty.txt,The Year's Greatest Science-Fiction and Fantasy,"Merril, Judith",1957
1966_ZELAZNY_THISIMMORTAL.txt,This Immortal,"Zelazny, Roger",1966
1961_LEINSTER_THISWORLDISTABOO.txt,This World is Taboo,"Leinster, Murray",1961
1959_DICK_TIMEOUTOFJOINT.txt,Time Out of Joint,"Dick, Philip K.",1959
1970_KELLEY_TIMEROGUE_dirty.txt,Time Rogue,"Kelley, Leo P.",1970
1971_GORDON_TIMESTORY_dirty.txt,Time Story,"Gordon, Stuart",1971
1980_BENFORD_TIMESCAPE.txt,Time-Scape,"Benford, Gregory",1980
1967_LEINSTER_TIMESLIP!_dirty.txt,Timeslip!,"Leinster, Murray",1967
1974_CARTER_TIMEWAR_dirty.txt,Time War,"Carter, Lin",1974
1954_TUCKER_TIMEX.txt,Time:X,"Tucker, Wilson",1954
1973_ZELAZNY_TODIEINITALBAR.txt,To die in Italbar,"Zelazny, Roger",1973
1971_SILVERBERG_TOLIVEAGAIN_dirty.txt,To Live Again,"Silverberg, Robert",1971
1969_TUBB_TOYMAN.txt,Toyman,"Tubb, E.C.",1969
1976_Delany_TRITON.txt,Triton,"Delany, Samuel R.",1976
1985_ZELAZNY_TRUMPSOFDOOM_clean.txt,Trumps of doom,"Zelazny, Roger",1985
1969_DICK_UBIK.txt,Ubik,"Dick, Philip K.",1969
1953_KERR_UNDERTHEINFLUENCE_dirty.txt,Under the Influence,"Kerr, Geoffrey",1953
1954_SHECKLEY_UNTOUCHEDBYHUMANHANDS.txt,Untouched by Human Hands,"Sheckley, Robert",1954
1954_VONNEGUT_UTOPIA14_clean.txt,Utopia 14 (originally Player's Piano),"Vonnegut Jr., Kurt",1954
1966_GORDON_UTOPIAMINUSX_dirty.txt,Utopia Minus X,"Gordon, Rex",1966
1981_DICK_VALIS.txt,Valis,"Dick, Philip K.",1981
2000_DEBRANT_VIRALINTELLIGENCE.txt,Viral Intelligence,"DeBrandt, Don",2000
1958_BLISH_VOR.txt,Vor,"Blish, James",1958
1972_KOONTZ_WARLOCK_dirty.txt,Warlock,"Koontz, Dean R.",1972
1967_GREENFIELD_WATERSOFDEATH.txt,Waters of Death,"Greenfield, Irving A.",1967
1951_HOWARD_WAYOUT_dirty.txt,Way Out,"Howard, Ivan",1951
1972_DICK_WECANBUILDYOU.txt,We Can Build You,"Dick, Philip K.",1972
1965_ALDISS_WHOCANREPLACEAMAN_dirty.txt,Who can replace a man?,"Aldiss, Brian",1965
1972_GOULART_WILDSMITH.txt,Wildsmith,"Goulart, Ron",1972
1966_DEXTER_WORLDINECLIPSE_clean.txt,World In Eclipse,"Dexter, William",1954
1954_MCINTOSH_WORLDSAPART.txt,Worlds Apart,"McIntosh, J.T.",1954
1970_KNIGHT_WORLDWITHOUTCHILDRENANDTHEEARTHQUARTER_dirty.txt,World Without Children and the Earth Quarter,"Knight, Damon",1970
1968_WOLLHEIM_WORLDSBESTSCIENCEFICTION1968_dirty.txt,World's Best Science Fiction 1968,"Wollheim, Donald A. & Carr, Terry",1968
1972_GERROLD_YESTERDAYSCHILDREN_dirty.txt,"Yesterday's Children, a Conceptual Journey into War","Gerrold, David",1972